id,created_at,category,title,description,source,content,ai_summary,ai_title,url
105,2026-04-10 21:53:38.140306+00,business,Is Anthropic limiting the release of Mythos to protect the internet — or Anthropic? - TechCrunch,"Anthropic said this week that it limited the release of its newest model, dubbed Mythos, because it is too capable of finding security exploits in software relied upon by users around the world. Are real cybersecurity concerns a cover for a bigger problem at …",TechCrunch,"Anthropic said this week that it limited the release of its newest model, dubbed Mythos, because it is too capable of finding security exploits in software relied upon by users around the world.
 Ins… [+3830 chars]","Anthropic’s decision to limit the release of its powerful new AI model, Mythos, has sparked debate over whether the move is primarily about protecting global cybersecurity or safeguarding the company’s strategic interests. The model has demonstrated an extraordinary ability to identify and exploit software vulnerabilities across widely used systems, raising concerns that public access could enable large-scale cyberattacks.
 

 To mitigate these risks, Anthropic has opted for a controlled rollout under its “Project Glasswing” initiative, granting access only to a select group of trusted organizations focused on defensive cybersecurity. This approach allows vulnerabilities to be discovered and patched before malicious actors can exploit them. However, critics question whether restricting access also consolidates power among a small group of major tech players, potentially shaping the competitive landscape of AI.
 

 The situation highlights a broader dilemma in AI development: as models become increasingly capable, companies must balance openness with safety. Anthropic’s cautious strategy may set a precedent for future AI releases, where limiting access becomes a necessary step to manage real-world risks while navigating competitive pressures.",Anthropic’s Mythos: Safety-Driven Restraint or Strategic Control of a Powerful AI?,https://techcrunch.com/2026/04/09/is-anthropic-limiting-the-release-of-mythos-to-protect-the-internet-or-anthropic/
106,2026-04-10 21:53:38.140306+00,business,Big Short' investor Michael Burry says Anthropic is 'eating Palantir's lunch' as enterprise AI spending shifts - Business Insider,Palantir's stock is down. Michael Burry said Wednesday that Anthropic's rapid rise is a threat to Palantir as enterprise AI spending shifts.,Business Insider,"Michael Burry has long been bearish on Palantir, but he recently shared a new take on the market's AI darling, comparing its prospects to another titan in the space.
 Anthropic isn't publicly traded … [+2692 chars]","Investor Michael Burry has reignited concerns about the AI boom, arguing that the market may be overvaluing certain tech companies while underestimating newer AI players. In particular, he criticized Palantir Technologies, claiming that rival Anthropic is rapidly outperforming it in the enterprise AI space.
 

 Burry pointed to Anthropic’s explosive growth, with its annual recurring revenue reportedly jumping from around $9 billion to $30 billion, driven by demand for its simpler and more cost-effective AI tools. This surge reflects a broader shift in corporate spending toward AI platforms that deliver immediate productivity gains, rather than complex infrastructure-heavy solutions.
 

 Following his comments, Palantir’s stock dropped sharply, highlighting how sensitive investors remain to competitive pressures in the AI sector. Burry’s stance also aligns with his broader skepticism about an “AI bubble,” suggesting that hype may be masking fundamental weaknesses in some companies.
 

 Overall, the episode underscores a changing landscape in AI, where usability and scalability may matter more than legacy positioning, and where emerging players like Anthropic could reshape the competitive hierarchy.",Michael Burry Warns AI Trade Is Overhyped as Anthropic Surges Past Palantir,https://www.businessinsider.com/michael-burry-anthropic-palantir-short-ai-stocks-tech-pltr-claude-2026-4
108,2026-04-10 21:53:38.140306+00,entertainment,Actress Janel Parrish & Husband Chris Long Separate - TMZ,Janel Parrish and her husband Chris Long have split up ... TMZ has learned.,TMZ,"Janel Parrish and her husband Chris Long have split up ... TMZ has learned.
 Sources with direct knowledge tell TMZ ... the Hallmark star and her man have been separated for a few months.
 Parrish an… [+758 chars]","Actress Janel Parrish and her husband Chris Long have reportedly separated after several years of marriage, marking a new chapter in their relationship. According to TMZ, the couple has been living apart for a few months, though neither has publicly commented in detail on the split.
 

 Parrish and Long began dating in 2016, got engaged a year later, and tied the knot in a 2018 ceremony in Hawaii. Over the years, they maintained a relatively private relationship, occasionally sharing moments from their life together on social media. However, fans had recently noticed fewer posts featuring the couple, fueling speculation about their status.
 

 Despite the separation, sources suggest there is no public conflict between the two, and their breakup appears to be amicable. Parrish continues to focus on her acting career, particularly her work in television and Hallmark films. The situation reflects a broader trend among celebrity couples navigating personal changes away from the spotlight while maintaining mutual respect and privacy.",Janel Parrish and Husband Chris Long Separate After Years of Marriage,https://www.tmz.com/2026/04/09/janel-parrish-and-husband-chris-long-broken-up/
109,2026-04-10 21:53:38.140306+00,entertainment,‘Metal Gear Solid’ Movie in the Works From ‘Final Destination’ Duo as They Ink Sony First-Look (Exclusive) - The Hollywood Reporter,"Zach Lipovsky and Adam B. Stein have become among the more in-demand filmmakers in town. Now, Sony has snapped them up for an expansive deal that will cover all of studio’s film labels.",Hollywood Reporter,"What a difference a Hollywood year can make.
 Just a year ago, Zach Lipovsky and Adam B. Stein were a filmmaking duo with humble indie horror roots, prepping to release their first sizeable feature, … [+3572 chars]","After more than a decade of delays, the long-awaited Metal Gear Solid movie adaptation is finally gaining real momentum, with directors Zach Lipovsky and Adam B. Stein now attached to lead the project. Backed by Sony Pictures, the film marks a renewed push to bring Hideo Kojima’s iconic stealth-action franchise to the big screen.
 

 Originally announced in 2014, the project has faced multiple setbacks, including script revisions and shifting creative direction. Earlier plans involved director Jordan Vogt-Roberts and actor Oscar Isaac as Solid Snake, but those iterations stalled, leaving the film in development limbo for years.
 

 The new directors, known for visually driven storytelling and suspense, have expressed strong enthusiasm for adapting the series, calling it a groundbreaking cinematic experience. Sony executives also highlighted their ability to handle complex narratives, suggesting confidence in this latest attempt.
 

 While no release date or casting details have been confirmed, the project’s revival signals a serious effort to finally deliver a faithful adaptation. For fans, it represents renewed hope that one of gaming’s most cinematic franchises may at last transition successfully to film.",‘Metal Gear Solid’ Movie Gains Momentum with New Directors After Years in Development,http://www.hollywoodreporter.com/movies/movie-news/metal-gear-solid-movie-works-1236560289/
110,2026-04-10 21:53:38.140306+00,entertainment,Cardi B Reached Out to Offset After Florida Shooting Amid Divorce - TMZ,Cardi B has put her bitter divorce battle aside after Offset was shot ... reaching out to her estranged husband as he recovered in a Florida hospital ... TMZ has learned.,TMZ,"Cardi Bhas put her bitter divorce battle aside after Offset was shot ... reaching out to her estranged husband as he recovered in a Florida hospital ... TMZ has learned.
 Sources with direct knowledg… [+843 chars]","Cardi B reportedly put aside her ongoing and often contentious divorce from Offset to check on him after he was shot outside a casino in Florida. According to TMZ, she reached out shortly after the incident to see how he was doing while he recovered in the hospital.
 

 Offset sustained a gunshot wound to the leg during the incident but was reported to be in stable condition, with injuries described as non-life-threatening. Despite their separation and unresolved divorce proceedings, Cardi’s outreach highlights a continued personal connection, particularly as the two share three children together.
 

 The shooting occurred outside the Seminole Hard Rock Hotel & Casino and followed an altercation, with authorities detaining individuals as part of the ongoing investigation. The situation underscores the complex relationship between the former couple, whose history has included multiple breakups and reconciliations.
 

 Overall, Cardi’s response reflects a moment of concern that transcends their differences, showing that personal ties can persist even amid public and legal conflicts.",Cardi B Reaches Out to Offset After Shooting Despite Ongoing Divorce,https://www.tmz.com/2026/04/09/cardi-b-in-contact-with-offset-following-shooting/
111,2026-04-10 21:53:38.140306+00,general,Netanyahu authorizes direct talks with Lebanon in potential boost to ceasefire efforts - AP News,Israeli Prime Minister Benjamin Netanyahu said he authorized direct negotiations with Lebanon aimed at disarming Iranian-backed Hezbollah militants and establishing relations between the neighbors. The two countries have technically been at war since Israel w…,Associated Press,"DUBAI, United Arab Emirates (AP) In a potential boost to Middle East ceasefire efforts, Israeli Prime Minister Benjamin Netanyahu said Thursday that he authorized direct negotiations with Lebanon as … [+8383 chars]","Israel has authorized direct negotiations with Lebanon in a significant diplomatic shift, marking a rare attempt to ease tensions between the two countries, which have technically remained at war for decades. The talks, expected to take place in Washington, are aimed at addressing the role of Hezbollah, including potential disarmament, and exploring the possibility of longer-term stability in the region.
 

 However, the initiative comes amid a highly fragile ceasefire involving the United States, Iran, and Israel, with ongoing violence threatening to derail diplomatic progress. Israeli airstrikes in Lebanon and Hezbollah’s retaliatory attacks continue to escalate tensions, raising doubts about whether negotiations can succeed.
 

 At the same time, broader geopolitical pressures complicate the situation. Iran’s involvement, disputes over the Strait of Hormuz, and disagreements over whether Lebanon is included in the ceasefire have all added to uncertainty.
 

 The talks represent a potential breakthrough but also highlight the deep challenges of balancing military conflict with diplomacy. Their outcome could play a critical role in determining whether the region moves toward de-escalation or further instability.",Israel Opens Direct Talks with Lebanon as Fragile Ceasefire Faces Growing Strain,https://apnews.com/article/iran-us-israel-trump-lebanon-april-9-2026-7760f88f183ed2a13a721057e31f3ce7
112,2026-04-10 21:53:38.140306+00,general,Melania Trump denies association with Jeffrey Epstein - Politico,"The first lady made the surprise statement at the White House, calling on Congress to hold a public hearing for victims.",Politico,"It was not immediately clear what images or statements she meant, but she said they had been circulating on social media for years. Be cautious about what you believe. These images and stories are co… [+3815 chars]","Melania Trump issued a rare public statement firmly denying any association with Jeffrey Epstein, pushing back against resurfaced allegations and online speculation. Speaking from the White House, she described claims linking her to Epstein as false and politically motivated, emphasizing that she had no involvement in his activities and was never part of his inner circle.
 

 Her remarks came after renewed scrutiny tied to previously released documents and references to past social interactions, including a limited number of encounters at events and an old email exchange with Ghislaine Maxwell. Melania dismissed these as insignificant and not indicative of any meaningful relationship.
 

 In addition to denying the allegations, she called for greater accountability by urging Congress to hold hearings where Epstein’s victims could testify publicly. This move was seen as an effort to shift focus toward justice for survivors while also addressing the controversy directly.
 

 The statement, unusual for a first lady, has reignited attention on the Epstein case and its connections to high-profile figures, while also highlighting the political sensitivity surrounding the issue.","Melania Trump Denies Epstein Ties in Rare Public Statement, Calls for Victim Testimony",https://www.politico.com/news/2026/04/09/melania-trump-denies-association-with-jeffrey-epstein-00865768
113,2026-04-10 21:53:38.140306+00,general,Sources: DOJ opens antitrust investigation of NFL over TV deals - ESPN,"The Justice Department has begun an investigation into whether the NFL has violated anticompetitive practices with their television contracts that require consumers to pay subscription costs to watch some games, sources confirmed to ABC News.",ESPN,"Apr 9, 2026, 03:00 PM ET
 The Justice Department has begun an investigation into whether the NFL has violated anticompetitive practices with its television contracts that require consumers to pay sub… [+5158 chars]","The U.S. Department of Justice has launched an antitrust investigation into the National Football League, focusing on whether its television and streaming deals unfairly limit competition and increase costs for consumers. The probe is examining the league’s media contracts, which increasingly require fans to subscribe to multiple platforms to watch games.
 

 At the center of the investigation is the NFL’s long-standing ability to collectively negotiate broadcast rights under the Sports Broadcasting Act of 1961. While this exemption applies to traditional broadcast TV, regulators are questioning whether it still holds in an era dominated by cable and streaming services.
 

 Critics argue that spreading games across platforms like Amazon Prime Video, Netflix, and ESPN has made it more expensive and complicated for fans to follow the sport, sometimes requiring multiple subscriptions. Meanwhile, the NFL maintains that most games remain available on free local broadcasts and that its model benefits both fans and media partners.
 

 The investigation could have significant implications for how sports media rights are structured, potentially reshaping the balance between accessibility, competition, and the rapidly evolving streaming ecosystem.",U.S. Justice Department Probes NFL Media Deals Over Antitrust Concerns,https://www.espn.com/nfl/story/_/id/48440303/sources-doj-opens-antitrust-investigation-nfl-tv-deals
114,2026-04-10 21:53:38.140306+00,health,How bad for humans is wildlife trade? A new study has answers - NPR,"People sell wild animals for food and for traditional medicine — legally and illegally. A study looks at the risks of spillover diseases from those pangolins, giant rats and other exotic critters.",NPR,"In 2003, a shipment of exotic African rodents to a pet store in Illinois sparked the United States' first mpox outbreak
 . Gambian giant rats and other rodents infected prairie dogs, which in turn in… [+5632 chars]","A growing body of research highlights how the global wildlife trade is significantly increasing the risk of dangerous pathogens spilling over from animals to humans, raising concerns about future pandemics. Scientists say that the trade—spanning exotic pets, food markets, and animal products—creates frequent and intense contact between humans and wildlife, providing ideal conditions for viruses and bacteria to jump species.
 

 A recent study analyzing decades of data found that animals involved in wildlife trade are far more likely to carry diseases that can infect humans compared to those not traded. The longer a species circulates in trade networks, the greater the number of pathogens it can transmit, compounding the risk over time.
 

 Experts emphasize that the highest-risk stages occur early in the supply chain—during hunting, transport, and handling—when animals are stressed and often kept in unsanitary conditions. These environments allow pathogens to spread rapidly across species and potentially reach humans.
 

 The findings reinforce concerns that wildlife trade has contributed to past outbreaks such as Ebola, HIV, and COVID-19, and underscore the urgent need for stronger global regulation, surveillance, and prevention strategies to reduce the likelihood of future health crises.","Global Wildlife Trade Is Accelerating Disease Spillover Risks, Scientists Warn",https://www.npr.org/2026/04/09/nx-s1-5776668/wildlife-trade-pathogens-spillover
115,2026-04-10 21:53:38.140306+00,health,2 rabies cases identified in Orange County from cat and raccoon - WRAL,The release stated that the first incident involving a raccoon happened on April 4 in the vicinity of Dixie Lane in Chapel Hill. The second incident involving a cat happened on April 7 near Holiday Park Road in Hillsborough.,WRAL.com,"Orange County Animal Services received two positive rabies tests, according to the North Carolina State Laboratory of Public Health. 
 The release stated that the first incident involving a raccoon h… [+2241 chars]","Orange County Animal Services has confirmed two positive rabies cases following incidents involving a raccoon and a domestic cat in North Carolina. The first case occurred on April 4 near Dixie Lane in Chapel Hill, where a raccoon bit a dog that is now under animal control treatment. The second incident took place on April 7 near Holiday Park Road in Hillsborough, where an outdoor cat bit a person who is currently receiving rabies prophylaxis treatment.
 Officials from the Orange County Health Department are evaluating exposure risks on a case-by-case basis. For vaccinated pets potentially exposed to rabies, a booster shot must be administered within 96 hours. Unvaccinated pets face either euthanasia or quarantine for up to four months.
 Authorities are reminding residents that all mammals can carry and transmit rabies, with raccoons, skunks, foxes, and bats being the most common carriers in North Carolina. Warning signs of rabies include aggressive or unusually friendly behavior, staggering, foaming at the mouth, and disorientation. Residents are urged to contact animal control immediately if they suspect any rabies exposure, and to call 911 if the incident occurs outside regular service hours.",Two Rabies Cases Confirmed in Orange County After Cat and Raccoon Incidents,https://www.wral.com/news/local/2-positive-rabies-tests-orange-county-april-9-2026/
116,2026-04-10 21:53:38.140306+00,science,Artemis II astronauts have fitness lessons for everyone - NPR,The Artemis II astronauts don't have a lot of space to exercise. That's why they've got the flywheel — a small device that can be used for strength and cardio workouts.,NPR,"Even a few days away from Earth can significantly alter the human body. Without the constant pull of gravity on the skeleton, muscle and bone can quickly atrophy. To combat this immediate physical de… [+4377 chars]","The four Artemis II astronauts aboard NASA's Orion spacecraft are using a compact exercise device called the flywheel to combat the rapid muscle and bone loss that occurs in microgravity. Even a few days without gravity can cause significant physical decline, particularly in the heart and skeletal muscles, making regular exercise critical during the mission.
 The flywheel, roughly the size of a large shoebox, works on a cable-and-resistance principle similar to a yo-yo — astronauts pull a handle to spin the device, generating resistance proportional to their effort. Despite its small size, it can simulate resistance equivalent to up to 400 pounds, allowing for exercises like squats, deadlifts, and curls, as well as cardiovascular workouts.
 The device was developed after years of research, including a NASA bed-rest study where over 10,000 volunteers applied to spend 70 days lying down — earning the nickname ""pillownauts."" Researchers found the flywheel prevented muscle atrophy as effectively as a full gym setup.
 Scientists believe the technology has broad applications beyond space travel, potentially helping elderly individuals combat age-related bone and muscle loss, and someday fitting neatly under a desk for everyday use.",How the Artemis II Crew's Flywheel Device Is Redefining Space Fitness for Everyone,https://www.npr.org/2026/04/09/nx-s1-5779671/artemis-flywheel-astronauts-resistance-workout-bone-loss
117,2026-04-10 21:53:38.140306+00,science,Scientists say the world’s oldest octopus fossil isn’t an octopus after all - AP News,"Scientists have found evidence that a 300-million-year-old sea creature previously thought to be the world's oldest octopus is actually a nautilus relative. University of Reading zoology lecturer Thomas Clements led the research, which found that the fossil, …",Associated Press,"LONDON (AP) A 300-million-year-old tentacled sea creature has lost its crown as the worlds oldest octopus, after scientists found evidence that its not an octopus at all.
 Newly published research co… [+3388 chars]","A fossil long celebrated as the world's oldest known octopus has been stripped of its title after scientists determined it is not an octopus at all. The specimen, known as Pohlsepia mazonensis and found at the Mazon Creek site in Illinois, had been listed in Guinness World Records as the earliest known octopus since its identification in 2000. New research published in the journal Proceedings of the Royal Society B concludes it is actually a relative of the modern nautilus.
 The breakthrough came when University of Reading zoologist Thomas Clements used synchrotron imaging — which generates X-rays using beams of light brighter than the sun — to scan inside the fossil rock. The technique revealed a radula, a ribbon-like feeding structure with at least 11 teeth per row. Octopuses have only seven or nine teeth per row, while nautiloids have 13, definitively ruling out an octopus classification.
 The misidentification is believed to have occurred because the creature decomposed and lost its distinctive shell before fossilisation, making it appear octopus-like. Guinness World Records has since removed the fossil's title. The finding pushes back the true origin of octopuses to the Jurassic period, and the Mazon Creek specimens now represent the oldest known nautiloid soft tissue in the fossil record.","300-Million-Year-Old ""World's Oldest Octopus"" Fossil Reclassified as Nautilus",https://apnews.com/article/oldest-octopus-fossil-mistaken-identity-nautilus-04d88f5cc171b1e93f24538e574838f9
118,2026-04-10 21:53:38.140306+00,sports,Barcelona complain to Uefa about 'grave lack of VAR intervention' in Atletico Madrid loss - BBC,"Barcelona submit a complaint to Uefa over a ""grave lack of VAR intervention"" during their Champions League defeat by Atletico Madrid on Wednesday.",BBC News,"Barcelona have submitted a complaint to Uefa over a ""grave lack of VAR intervention"" during their 2-0 Champions League defeat by Atletico Madrid on Wednesday.
 Hansi Flick's side were denied a penalt… [+1762 chars]","Barcelona have lodged an official complaint with UEFA following their 2-0 Champions League quarterfinal first leg defeat to Atletico Madrid at Camp Nou on April 8, 2026. The club's legal department filed the complaint the following day, focusing on a controversial incident in the 54th minute involving Atletico substitute Marc Pubill.
 The incident occurred when Atletico goalkeeper Juan Musso played a short goal-kick, bringing the ball into play. Pubill then handled the ball inside the penalty area, apparently unaware play had restarted. Referee Istvan Kovacs did not award a penalty and, crucially, VAR official Christian Dingert did not intervene — despite Pubill already being on a yellow card, meaning a second booking and sending-off should also have followed.
 Manager Hansi Flick was furious post-match, calling the non-decision unbelievable. Barcelona referenced a near-identical incident from a 2024 Champions League match between Club Brugge and Aston Villa, where a penalty was correctly awarded in the same circumstances.
 The club has requested a formal investigation, access to referee communications, and official acknowledgment of the error. While the result stands, Barcelona face a difficult second leg in Madrid needing to overturn a two-goal deficit.",Barcelona File Formal UEFA Complaint Over VAR Failure in 2-0 Champions League Loss to Atletico,https://www.bbc.com/sport/football/articles/cr41dq4pywxo
119,2026-04-10 21:53:38.140306+00,sports,"Masters 2026 Round 1 live updates, leaderboard: Rory McIlroy is making a move - Yahoo Sports",The 90th playing of the Masters is officially here.,Yahoo Entertainment,"The 90th edition of the Masters is officially here.
 Jack Nicklaus, Gary Player and Tom Watson hit the ceremonial opening tee shots at Augusta National this morning, kicking off the first major champ… [+9458 chars]","The 2026 Masters has delivered a compelling mix of elite competition and nostalgic brilliance, highlighted by 60-year-old José María Olazábal turning back the clock at Augusta National. The two-time Masters champion briefly surged near the top of the leaderboard early in the tournament, showcasing his experience and precision against a field dominated by younger, power-hitting players. His performance stood out as a reminder that course knowledge and shot-making can still compete with modern distance-focused golf.
 

 While Olazábal’s run captured attention, the broader tournament remains highly competitive, with top players battling for position heading into the later rounds. Established stars and emerging talents alike are navigating Augusta’s challenging layout, where consistency and composure are proving critical.
 

 The event also highlights the evolving nature of the sport, as seasoned veterans like Olazábal continue to inspire alongside a new generation of players. His showing, even if not sustained through all rounds, adds a unique narrative to the tournament — blending history, resilience, and the enduring appeal of the Masters.",60-Year-Old José María Olazábal Defies Age at Masters as Leaderboard Drama Unfolds,https://sports.yahoo.com/golf/live/masters-2026-leaderboard-tee-times-how-to-watch-60-year-old-jose-maria-olazabal-turning-back-the-clock-113000052.html
120,2026-04-10 21:53:38.140306+00,sports,Poll: Is Jordan Walker Finally Breaking Out? - MLB Trade Rumors,Jordan Walker is off to a blistering start for the Cardinals this year. How much of it is real? Vote now in MLBTR's latest poll!,MLB Trade Rumors,"It might not seem like it, but it was just a few years ago that Jordan Walker was a consensus top five prospect in all of baseball. Walker entered the 2023 season as a trendy Rookie of the Year pick … [+4791 chars]","St. Louis Cardinals outfielder Jordan Walker, once a consensus top-five prospect in all of baseball, is off to one of the most electric starts in the majors in 2026, reigniting debate about whether the 23-year-old is finally realizing his enormous potential. After two brutal seasons where he combined for a .211/.270/.324 slash line and a 68 wRC+ across 574 plate appearances, Walker has turned heads with a .295/.367/.682 line and five home runs through just 49 plate appearances, good for a 191 wRC+.
 Encouragingly, the underlying metrics support the performance. His .320 BABIP is close to his career average, his 10.2% walk rate is a career best, and his .453 xwOBA closely mirrors his actual production. His 23.3% barrel rate borders on elite.
 However, meaningful concerns remain. Walker's 28.6% strikeout rate is still very high, making sustained success more difficult. Previous short hot streaks — including a .342/.419/.500 stretch in July 2025 — faded quickly, serving as a cautionary reminder about small sample sizes.
 Cardinals coaches publicly challenged Walker late last season over his preparation habits, and the apparent response has been tangible swing improvements, including better launch angle, a lower chase rate, and improved plate discipline. An MLB Trade Rumors reader poll reflects cautious optimism, with 61% believing Walker will settle into solid regular status rather than becoming a top-30 hitter or reverting to prior struggles.Sonnet 4.6","Cardinals' Jordan Walker Posts Blazing Start to 2026, But Can He Sustain It?",https://www.mlbtraderumors.com/2026/04/poll-is-jordan-walker-finally-breaking-out.html
121,2026-04-10 21:53:38.140306+00,technology,Castlevania: Belmont's Curse Let's You Fight Joan Of Arc And Explore Notre Dame In New Trailer - Nintendo Life,"Bonjour, evildoers",Nintendo Life,"Today's Triple-i Initiative showcase promised us some Castlevania: Belmont's Curse news, and we got a little bit of that during today's presentation.
 In the short new trailer up top, featuring comme… [+1015 chars]","A new trailer for Castlevania: Belmont's Curse debuted at the Triple-i Initiative showcase, offering fans a closer look at the game's Parisian setting and combat. Developed by Evil Empire — the studio behind Dead Cells — the footage confirms Notre Dame Cathedral as an explorable location and reveals a dramatically corrupted version of Joan of Arc as a boss enemy.
 The game is set in Paris and takes place 23 years after Castlevania: Dracula's Curse, with a whip-wielding Belmont protagonist at its center. Developer Evil Empire was keen to reiterate that despite their roguelike pedigree, Belmont's Curse is a traditional Metroidvania experience true to the classic Castlevania formula, not a roguelike or roguelite.
 No release date or launch window was confirmed during the showcase, though the game is slated for Nintendo Switch and PS5 in 2026. Fan reaction has been overwhelmingly positive, with many praising the visual style, combat animations, and the bold decision to feature a historically corrupted Joan of Arc as a key antagonist. The trailer also highlighted the game's RPG elements, which appear to have been faithfully preserved for longtime series fans.",Castlevania: Belmont's Curse Trailer Reveals Corrupted Joan of Arc Boss and Notre Dame Setting,https://www.nintendolife.com/news/2026/04/castlevania-belmonts-curse-lets-you-fight-joan-of-arc-and-explore-notre-dame-in-new-trailer
122,2026-04-10 21:53:38.140306+00,technology,"One Of The Best Stardew Valley -Likes Ever Is 100% Free On Steam, But Only For A Few Days - Kotaku",,Kotaku,Description: Group Number: Group Name: Ip Address: Username: Computer Name:,"To mark the announcement of Graveyard Keeper 2 at the Triple-I indie showcase on April 9, publisher tinyBuild has made the original Graveyard Keeper completely free on Steam until April 13. The game, which first launched in 2018, is a darkly humorous medieval cemetery management simulator that tasks players with running a graveyard, handling daily deliveries of corpses, and keeping the whole operation afloat.
 Widely regarded as one of the best games to follow in Stardew Valley's footsteps, Graveyard Keeper was openly inspired by both Stardew Valley and Harvest Moon, as confirmed by the developers themselves. It stands out among the many life-sim clones for its robust systems, quirky tone, and extensive DLC offerings. The game also runs well on Steam Deck and supports a healthy selection of community mods.
 The newly announced Graveyard Keeper 2 is expected to launch later in 2026 on PC, PS5, Xbox Series X/S, Nintendo Switch, and Switch 2. For anyone curious about the series, the free offer on the original is an ideal entry point before the sequel arrives.",Graveyard Keeper Is Free on Steam Until April 13 to Celebrate Sequel Announcement,https://kotaku.com/graveyard-keeper-stardew-valley-free-steam-april-sequel-steam-deck-2000686355
159,2026-04-10 23:13:25.252785+00,business,Futures: Trump Issues Hormuz Threat; Amazon Fuels AI Trade - Investor's Business Daily,"Iran talks, CPI inflation, Taiwan Semi are on tap.",Investor's Business Daily,"Information in Investors Business Daily is for informational and educational purposes only and should not be construed as an offer, recommendation, solicitation, or rating to buy or sell securities. … [+1064 chars]","U.S. stock markets closed mixed on April 10, 2026, as investors weighed surging inflation driven by the ongoing U.S.-Iran conflict against strong semiconductor earnings ahead of weekend peace talks. The Dow Jones fell 269 points while the Nasdaq gained 0.35%, bolstered by chipmakers. Despite the choppy session, all three major indexes posted solid weekly gains, with the S&P 500 up more than 3% for the week.
 March CPI rose 0.9% month-over-month — the largest monthly gain since 2022 — pushing annual inflation to 3.3%, as gasoline prices surged 21% following Iran's blockade of the Strait of Hormuz. However, core CPI, excluding food and energy, came in below expectations at 0.2%, offering some relief.
 Taiwan Semiconductor Manufacturing rose over 2% after reporting a 35% jump in first-quarter revenue, reinforcing strong AI-driven chip demand from customers including Nvidia and Apple. CoreWeave shares also surged after announcing a multi-year cloud deal with Anthropic.
 Markets remained cautious ahead of U.S.-Iran peace talks scheduled for the weekend in Islamabad, with the fragile two-week ceasefire under pressure. Consumer sentiment hit a record low, and inflation expectations climbed to 4.8%, complicating the Federal Reserve's path toward rate cuts.",Markets Mixed as Iran War Drives CPI to 4-Year High While TSMC Earnings Boost Semiconductor Stocks,https://www.investors.com/market-trend/stock-market-today/dow-jones-futures-iran-war-talks-cpi-inflation-nvidia-chipmaker-taiwan-semiconductor/
160,2026-04-10 23:13:25.252785+00,business,Nvidia’s stock is quietly gaining steam — it’s on its longest winning streak since 2023 - MarketWatch,"The stock trades meaningfully below its 52-week high, suggesting to one analyst that it could see sustained gains if the AI trade comes back alive",MarketWatch,"Nvidias stock has awakened from its slumber, clocking its seventh consecutive day of gains. 
 The stock is up 11.4% over that stretch, its longest winning streak since Nov. 14, 2023, according to Dow… [+70 chars]","Nvidia shares rose for eight consecutive sessions through April 10, 2026, marking the chipmaker's longest winning streak since November 2023 and adding approximately 11% to the stock over that stretch. The rally was driven by a combination of easing geopolitical tensions tied to the U.S.-Iran ceasefire, renewed confidence in AI infrastructure spending, and a softer-than-expected core inflation reading that broadly lifted tech stocks.
 Despite the run, Nvidia remains roughly 13-14% below its 52-week high and is still slightly negative for the year, suggesting the gains reflect a recovery from oversold levels rather than a breakout. The stock has traded in a range of approximately $165 to $195 for several months. Nvidia's $165 support level has held across multiple tests, reinforcing the underlying trend.
 The broader semiconductor sector has outperformed Nvidia in 2026, with the VanEck Semiconductor ETF up 19% year-to-date. Rival Intel surged around 50% over the same seven-session period. Investors remain focused on whether large cloud providers will sustain elevated AI capital expenditures, which continues to be the key variable underpinning Nvidia's long-term investment case.",Nvidia Posts Longest Winning Streak Since 2023 But Remains Below All-Time High,https://www.marketwatch.com/story/nvidias-stock-is-quietly-gaining-steam-its-on-its-longest-winning-streak-since-2023-9066742f
161,2026-04-10 23:13:25.252785+00,business,North Sea oil prices hit record high as Iran keeps hold over Strait of Hormuz - Financial Times,Washington-Tehran ceasefire agreement fails to stem global energy crunch,Financial Times,Then $75 per month. Complete digital access to quality FT journalism on any device. Cancel anytime during your trial.,"North Sea oil prices have surged to an unprecedented record high, reflecting escalating geopolitical tensions and supply concerns in the global energy market. A primary contributing factor is Iran's continued strategic control over the Strait of Hormuz, a vital chokepoint for a significant portion of the world's oil shipments. Despite a recently brokered ceasefire agreement between Washington and Tehran, hopes that this diplomatic breakthrough would alleviate the burgeoning global energy crunch have been dashed. The failure of this accord to stabilize the market underscores the deep-seated complexities and persistent volatility affecting international oil prices. Analysts attribute the sustained upward pressure on prices to the inherent risks associated with shipping through the Strait, coupled with broader supply-demand imbalances. This situation highlights the fragile nature of global energy security, where geopolitical leverage in key maritime passages can have immediate and dramatic impacts on crude benchmarks worldwide, signaling potential economic headwinds for consumers and industries alike.",North Sea Oil Prices Soar to Record High Amid Iran's Strait of Hormuz Grip,https://www.ft.com/content/f04ad855-81e3-49c5-827e-d3c4acb901c9?syn-25a6b1a6\\u003d1
162,2026-04-10 23:13:25.252785+00,entertainment,Selling the O.C.' Future Unknown as Production Takes Backseat to 'Selling Sunset' - TMZ,"Trouble may be brewing in the O.C. ... the cast of Netflix's ""Selling the O.C."" has been notified they won't be filming this year, TMZ has learned.",TMZ,"Trouble may be brewing in Orange County ... the cast of Netflix's ""Selling the O.C."" has been notified they won't be filming this year ... TMZ has learned.
 Sources close to production tell TMZ ... t… [+1083 chars]","The future of Netflix's reality series 'Selling the O.C.' appears uncertain as its cast has been informed that production will not resume this year. Sources close to the show's development revealed to TMZ that filming has been halted, casting significant doubt on the show's continuation. This decision reportedly stems from a strategic shift by Netflix and production to prioritize its flagship series, 'Selling Sunset,' over its Orange County spin-off. While the series has not been officially canceled, the indefinite delay in filming suggests a significant pause or potential hiatus for the show, which initially premiered to much fanfare. This news comes as a surprise to fans and cast members alike, who were expecting to return for another season. The heightened focus on 'Selling Sunset' indicates the streamer is concentrating resources on its more established and popular real estate reality franchise, leaving the O.C. agents in limbo regarding their on-screen future and whether they will ever return to film new episodes.",Selling the O.C.' Future Unknown as Production Takes Backseat to 'Selling Sunset',https://www.tmz.com/2026/04/09/selling-the-oc-production-stalled-for-sunset/
163,2026-04-10 23:13:25.252785+00,entertainment,"CBS: 'Eternally Yours' Comedy Series Order, 'The Tillbrooks' Gets Pass - Deadline","CBS has picked up one of its two comedy pilots, Eternally Yours, to series while passing on the other, The Tillbrooks (fka Regency).",Deadline,"CBS has made the final scripted programming decision ahead of revealing its 2026-27 schedule next week. The network said Thursday it has picked up one of its two comedy pilots,Eternally Yours, to ser… [+2984 chars]","CBS has finalized its scripted programming decisions by ordering the comedy pilot 'Eternally Yours' to series, while simultaneously passing on its other comedy pilot, 'The Tillbrooks,' which was formerly known as 'Regency.' This strategic move comes as the network prepares to unveil its full 2026-27 schedule next week. 'Eternally Yours' was one of two highly anticipated comedy projects that CBS had in contention, and its selection signifies the network's confidence in its premise and potential to attract viewers. The decision to greenlight 'Eternally Yours' underscores CBS's commitment to refreshing its comedy lineup and investing in new narratives. Conversely, 'The Tillbrooks' will not proceed, concluding its pilot phase. These announcements are crucial in shaping the network's future programming slate, indicating the direction CBS intends to take with its upcoming comedy offerings and competitive broadcast strategy for the new television season. The industry will closely watch how 'Eternally Yours' performs and integrates into CBS's established schedule.","CBS Orders 'Eternally Yours' Comedy Series, Passes on 'The Tillbrooks'",http://deadline.com/2026/04/cbs-eternally-yours-comedy-series-the-tillbrooks-pilot-dead-1236786163/
164,2026-04-10 23:13:25.252785+00,entertainment,Nikki Glaser is OK with her boyfriend hooking up with other women. Why some experts say these relationships can totally work. - Yahoo,"As non-monogamy becomes more visible in pop culture, experts explain what people often misunderstand about open relationships and why communication and...",Yahoo Entertainment,"Nikki Glaser would be totally OK with her boyfriend, TV producer Chris Convy, hooking up with other women.
 In a relationship, I don't really care if my boyfriend were to hook up [with others],"" Glas… [+6641 chars]","Comedian Nikki Glaser openly states her comfort with boyfriend Chris Convy engaging with other women, reflecting a growing visibility of non-monogamous relationships in contemporary culture. This article explores why some experts believe such open relationships can be highly successful, often debunking common misconceptions. Experts emphasize that the key to thriving non-monogamous dynamics isn't a lack of commitment or emotion, but rather an elevated level of honest communication, clear boundaries, and mutual consent. They highlight that these relationships require partners to openly discuss desires, insecurities, and expectations, fostering a deeper understanding and trust. Misconceptions often include the belief that open relationships are solely about sex, or that they are a sign of a failing primary relationship. In reality, proponents argue they can strengthen bonds and promote individual growth when approached with transparency and respect, challenging traditional relationship paradigms.",Nikki Glaser OKs Boyfriend's Hookups; Experts Explain How Open Relationships Can Work,https://www.yahoo.com/lifestyle/family-relationships/article/nikki-glaser-is-ok-with-her-boyfriend-hooking-up-with-other-women-why-some-experts-say-these-relationships-can-totally-work-221918556.html
165,2026-04-10 23:13:25.252785+00,general,Justice Department opens antitrust probe into NFL broadcasting deals - The Washington Post,"The Justice Department is investigating whether the NFL has engaged in anticompetitive practices, amid growing fan frustration over the airing of games on subscription TV services.",The Washington Post,"The Justice Department has launched an investigation into whether the National Football League has engaged in anticompetitive practices, amid growing frustration from fans over the leagues increasing… [+178 chars]","The U.S. Justice Department has initiated an antitrust investigation into the National Football League's broadcasting practices, prompted by significant fan frustration. This discontent stems from the league's increasing reliance on subscription-based streaming services and pay-TV channels, making it challenging and expensive for many to watch games without multiple subscriptions. The probe will examine if the NFL's current deals for distributing game broadcasts violate antitrust laws by limiting competition and potentially harming consumers. Critics argue that the fragmented broadcast landscape, with games spread across platforms like Peacock, Amazon Prime Video, and ESPN+, forces fans into numerous costly subscriptions, diminishing the sport's accessibility. This inquiry signals a serious government step to scrutinize how major sports leagues manage media rights and whether these arrangements prioritize profit over fan experience and fair market practices, potentially leading to major changes in future NFL game distribution.",Justice Department Investigates NFL Broadcasting Deals for Antitrust Concerns,https://www.washingtonpost.com/national-security/2026/04/09/nfl-football-games-antitrust-investigation/
166,2026-04-10 23:13:25.252785+00,general,"Pentagon violated court order to restore press access, judge rules - The Washington Post","Senior U.S. District Judge Paul L. Friedman also admonished the Trump administration, saying suppressing political speech is the “mark of an autocracy, not a democracy.”",The Washington Post,"A federal judge in Washington ruled Thursday that the Pentagon violated his order to restore access for New York Times journalists, finding that the Defense Departments revised interim policy unconst… [+151 chars]","A federal judge in Washington D.C., Senior U.S. District Judge Paul L. Friedman, ruled that the Pentagon violated his previous order to restore press access for journalists from The New York Times. The judge found that the Defense Department's revised interim policy regarding press access was unlawful, leading to the violation. This ruling came after the Pentagon implemented new policies that restricted access, prompting legal action. Judge Friedman strongly admonished the Trump administration during his ruling, stating that the suppression of political speech is characteristic of an autocracy, not a democracy. The decision underscores ongoing tensions between the administration and the press, affirming the importance of a free press and government transparency. The court's finding emphasizes the judiciary's role in upholding constitutional rights against executive overreach, particularly concerning access for legitimate news organizations. This judgment requires the Pentagon to comply with the original order and cease its restrictive practices against the New York Times.","Pentagon violated court order to restore press access, judge rules",https://www.washingtonpost.com/business/2026/04/09/judge-pentagon-press-access/
168,2026-04-10 23:13:25.252785+00,health,Jury awards $49M to Darien woman whose doctor missed likely fatal cancer - CT Insider,A jury awarded $49 million to a Darien woman with terminal cervical cancer who sued her doctor for failing to follow up on high-risk HPV results.,Ctinsider.com,"From left: Attorney Sarah Russell, Plaintiff Daniel Anderson, Plaintiff Jennifer Anderson, and Attorney Peter Dreyer outside state Superior Court in Stamford April 9, 2026. 
 Contributed / Silver Gol… [+3696 chars]","A jury awarded Jennifer Anderson, a Darien woman with terminal cervical cancer, $49 million in a malpractice lawsuit against Westmed Medical Group. Anderson sued her doctor, Dr. Elizabeth McDonald, for failing to follow up on high-risk HPV test results from 2020. This negligence prevented early detection and treatment, leading to her cancer being diagnosed at an advanced, incurable stage. The lawsuit highlighted that standard procedures, such as a colposcopy, could have identified the cancer when it was treatable. The verdict, delivered in Stamford's state Superior Court, covers medical expenses, lost earning capacity, and immense pain and suffering. Attorneys Sarah Russell and Peter Dreyer represented Anderson, arguing that the doctor's failure to adhere to medical protocols directly resulted in her devastating prognosis. This significant ruling provides justice and financial security for Anderson's future care, underscoring the severe consequences of medical negligence in crucial preventative healthcare.",Jury awards $49M to Darien woman whose doctor missed likely fatal cancer,https://www.ctinsider.com/news/article/darien-jennifer-anderson-cancer-lawsuit-westmed-22197920.php
171,2026-04-10 23:13:25.252785+00,science,"As Artemis II heads back to Earth, crew is staking their lives on the heat shield - CBS News","Despite problems during the unpiloted Artemis I reentry, the Artemis II crew is confident their heat shield will protect them during a fiery descent to Earth.",CBS News,"When the Artemis II Orion crew capsule returns to Earth on Friday after flying around the moon, it will hit the discernible atmosphere some 75 miles above the Pacific Ocean at a blistering 24,000 mph… [+9797 chars]","The Artemis II mission is rapidly approaching its most perilous phase: the return to Earth. After successfully circumnavigating the moon, the Orion crew capsule will confront a blistering reentry into our planet's atmosphere. Astronauts onboard are placing their ultimate trust in the integrity of the capsule's sophisticated heat shield. This vital component must withstand extreme temperatures and atmospheric friction as the spacecraft plunges at speeds reaching a staggering 24,000 mph. The descent, anticipated to occur on a Friday, involves hitting the discernible atmosphere some 75 miles above the Pacific Ocean. The heightened scrutiny on the heat shield stems from prior issues observed during the unpiloted Artemis I mission's reentry, which revealed unexpected charring. Despite these previous challenges and the inherent risks of such high-speed atmospheric braking, the Artemis II crew maintains strong confidence in the reliability and enhanced design of their heat shield. They are fully prepared and trusting its capability to protect them through the intense, fiery descent, marking the final, critical step towards their safe return from deep space. Their very lives are staked on the flawless performance of this engineering marvel.",Artemis II Crew Stakes Lives on Heat Shield for Fiery Earth Reentry,https://www.cbsnews.com/news/artemis-ii-return-earth-heat-shield-reentry/
172,2026-04-10 23:13:25.252785+00,science,Scientists say the world's oldest octopus fossil isn't an octopus after all - ABC News,Scientists have found evidence that a 300-million-year-old sea creature previously thought to be the world's oldest octopus is actually a nautilus relative,Abcnews.com,"LONDON -- A 300-million-year-old tentacled sea creature has lost its crown as the worlds oldest octopus, after scientists found evidence that its not an octopus at all.
 Newly published research conc… [+2919 chars]","New scientific research has overturned a previous understanding about the world's oldest known octopus fossil, a 300-million-year-old creature. Scientists have presented evidence suggesting that the ancient sea animal, once believed to be the earliest octopus, is actually a relative of the nautilus or an ancestor of vampyropods, which include both octopuses and squids. The re-evaluation stems from new observations of the fossil, particularly the number of its appendages. While octopuses are characterized by having eight arms, this ancient creature clearly possessed ten. This discovery significantly pushes back the evolutionary timeline for when octopuses developed their distinctive eight-arm characteristic and reconfigures our understanding of early cephalopod diversification. The finding reshapes the evolutionary tree of these marine invertebrates, implying that octopuses likely emerged later than the age of this particular fossil. This crucial reclassification means the search for the true oldest octopus continues.",Scientists say the world's oldest octopus fossil isn't an octopus after all,https://abcnews.com/Technology/wireStory/scientists-worlds-oldest-octopus-fossil-octopus-after-131868860
174,2026-04-10 23:13:25.252785+00,sports,Sources: Aces agree to $1.19 million deal with Jackie Young - ESPN,"The Aces are finalizing an agreement for four-time All-Star guard Jackie Young to return to Las Vegas, sources told ESPN on Thursday.",ESPN,"The Las Vegas Aces are finalizing an agreement for four-time All-Star guard Jackie Young to return to Las Vegas, sources told ESPN on Thursday, with the deal expected to be for one year at the regula… [+1013 chars]","The Las Vegas Aces are reportedly finalizing a significant agreement with four-time All-Star guard Jackie Young, ensuring her return to the team, sources informed ESPN on Thursday. This pivotal deal is expected to be a one-year contract, placing Young at the supermax figure of $252,500, a sum that more accurately reflects her value. Young has been an indispensable asset to the Aces, playing a crucial role in their back-to-back WNBA championships. Her previous contract, a rookie extension, significantly undervalued her contributions and current market worth, making this new agreement a substantial recognition of her impact and importance to the franchise. This signing is a strategic move for the Aces to maintain their championship core, demonstrating their commitment to retaining key talent. The reported total payroll figure of $1.19 million is an internal league projection, and with this deal, the Aces will be just under the salary cap number of $1,478,487 to begin next season. Young's return solidifies the team's strong roster as they aim for a third consecutive title, highlighting her crucial role in the franchise's sustained success and competitive edge in the league.",Sources: Aces agree to $1.19 million deal with Jackie Young,https://www.espn.com/wnba/story/_/id/48442449/aces-agree-119-million-deal-jackie-young